GM,Tablero,Zona,Relay,DescripcionCircuito,CircuitLabel_Px,Schedule,CmdWritable,SchedLink_in10,JACE_driven,JACE_write_prio,BACnet_device,BACnet_objectId
GM01,AL3,Sótano 2 / TABLERO AL-3 / Iluminación Sot 2,1,AL3-1,AL3-1,R1/Schedule1,SchdlGM01 R1,yes,yes,in16,GM01ilum,
GM01,AL3,Sótano 2 / TABLERO AL-3 / Iluminación Sot 2,2,AL3-2,AL3-2,R2/Schedule2,SchdlGM01 R2,yes,yes,in16,GM01ilum,
GM01,AL3,Sótano 2 / TABLERO AL-3 / Iluminación Sot 2,3,AL3-3,AL3-3,R3/Schedule3,SchdlGM01 R3,yes,yes,in16,GM01ilum,
GM01,AL3,Sótano 2 / TABLERO AL-3 / Iluminación Sot 2,4,AL3-4,AL3-4,R4/Schedule4,SchdlGM01 R4,yes,yes,in16,GM01ilum,
GM01,AL3,Sótano 2 / TABLERO AL-3 / Iluminación Sot 2,5,AL3-5,AL3-5,R5/Schedule5,SchdlGM01 R5,yes,yes,in16,GM01ilum,
GM01,AL3,Sótano 2 / TABLERO AL-3 / Iluminación Sot 2,6,AL3-6,AL3-6,R6/Schedule6,SchdlGM01 R6,yes,yes,in16,GM01ilum,
GM01,AL3,Sótano 2 / TABLERO AL-3 / Iluminación Sot 2,7,AL3-7,AL3-7,R7/Schedule7,SchdlGM01 R7,yes,?,,GM01ilum,
GM01,AL3,Sótano 2 / TABLERO AL-3 / Iluminación Sot 2,8,AL3-8,AL3-8,R8/Schedule8,SchdlGM01 R8,yes,?,,GM01ilum,
GM01,AL3,Sótano 2 / TABLERO AL-3 / Iluminación Sot 2,9,AL3-9,AL3-9,R9/Schedule9,SchdlGM01 R9,yes,?,,GM01ilum,
GM01,AL3,Sótano 2 / TABLERO AL-3 / Iluminación Sot 2,10,AL3-10,AL3-10,R10/Schedule10,SchdlGM01 R10,yes,?,,GM01ilum,
GM01,AL3,Sótano 2 / TABLERO AL-3 / Iluminación Sot 2,11,,,R11/Schedule11,SchdlGM01 R11,yes,?,,GM01ilum,
GM01,AL3,Sótano 2 / TABLERO AL-3 / Iluminación Sot 2,12,,,R12/Schedule12,SchdlGM01 R12,yes,?,,GM01ilum,
GM01,AL3,Sótano 2 / TABLERO AL-3 / Iluminación Sot 2,13,,,R13/Schedule13,SchdlGM01 R13,yes,?,,GM01ilum,
GM01,AL3,Sótano 2 / TABLERO AL-3 / Iluminación Sot 2,14,AL3-11,AL3-11,R14/Schedule14,SchdlGM01 R14,yes,?,,GM01ilum,
GM01,AL3,Sótano 2 / TABLERO AL-3 / Iluminación Sot 2,17,,,,,?,?,,GM01ilum,
GM01,AL3,Sótano 2 / TABLERO AL-3 / Iluminación Sot 2,18,,,,,?,?,,GM01ilum,
GM01,AL3,Sótano 2 / TABLERO AL-3 / Iluminación Sot 2,19,,,,,?,?,,GM01ilum,
GM01,AL3,Sótano 2 / TABLERO AL-3 / Iluminación Sot 2,20,,,,,?,?,,GM01ilum,
GM01,AL3,Sótano 2 / TABLERO AL-3 / Iluminación Sot 2,21,,,,,?,?,,GM01ilum,
GM02,TAB AL-6,Sótano 1,1,Sótano1 N1 a N11,,R1/Schedule1,HorR1,yes,yes,in10,GM02ilum,
GM02,TAB AL-6,Sótano 1,2,Sótano 1 cinépolis,,R2/Schedule2,HorR2,yes,yes,in10,GM02ilum,
GM02,TAB AL-6,Sótano 1,3,Sotano 1 C2 a C6,,R3/Schedule3,HorR3,yes,yes,in10,GM02ilum,
GM02,TAB AL-6,Sótano 1,4,Sotano 1 Q5 a Q12,,R4/Schedule4,HorR4,yes,yes,in10,GM02ilum,
GM02,TAB AL-6,Sótano 1,5,Sotano 1 N1 y E1aE6-bodegas,,R5/Schedule5,HorR5,yes,yes,in10,GM02ilum,
GM02,TAB AL-6,Sótano 1,6,Sotano 1 F2 a F5,,R6/Schedule6,HorR6,yes,yes,in10,GM02ilum,
GM02,TAB AL-6,Sótano 1,7,Sótano 1 N7 a  N10,,R7/Schedule7,HorR7,yes,yes,in10,GM02ilum,
GM02,TAB AL-6,Sótano 1,8,Sótano 1 L3-L5,,R8/Schedule8,HorR8,yes,yes,in10,GM02ilum,
GM02,TAB AL-6,Sótano 1,9,Sotano-01 E8@E2,,R9/Schedule9,HorR9,yes,yes,in10,GM02ilum,
GM02,TAB AL-6,Sótano 1,10,Pendiente,,R10/Schedule10,HorR10,yes,yes,in10,GM02ilum,
GM02,TAB AL-6,Sótano 1,11,Pendiente,,R11/Schedule11,HorR11,yes,yes,in10,GM02ilum,
GM02,TAB AL-6,Sótano 1,12,Sotano 1 Q1@Q12,,R12/Schedule12,HorR12,yes,yes,in10,GM02ilum,
GM02,TAB AL-6,Sótano 1,13,"Cuarto el. 1, Planta emer.",,R13/Schedule13,HorR13,yes,yes,in10,GM02ilum,
GM02,TAB AL-6,Sótano 1,14,Libre,,R14/Schedule14,HorR14,yes,yes,in10,GM02ilum,
GM02,TAB AL-6,Sótano 1,15,Libre,,R15/Schedule15,HorR15,yes,yes,in10,GM02ilum,
GM02,TAB AL-6,Sótano 1,16,Libre,,R16/Schedule16,HorR16,yes,yes,in10,GM02ilum,
GM02,TAB AL-6,Sótano 1,17,Libre,,R17/Schedule17,HorR17,yes,yes,in10,GM02ilum,
GM02,TAB AL-6,Sótano 1,18,Libre,,R18/Schedule18,HorR18,yes,yes,in10,GM02ilum,
GM02,TAB AL-6,Sótano 1,19,Libre,,R19/Schedule19,HorR19,yes,yes,in10,GM02ilum,
GM02,TAB AL-6,Sótano 1,20,Libre,,R20/Schedule20,HorR20,yes,yes,in10,GM02ilum,
GM03,AL-6,Sótano 1,1,Pendiente,,R1/Schedule1,HorR1,yes,yes,in10,GM03ilum,
GM03,AL-6,Sótano 1,2,Pendiente,,R2/Schedule2,HorR2,yes,yes,in10,GM03ilum,
GM03,AL-6,Sótano 1,3,Pendiente,,R3/Schedule3,HorR3,yes,yes,in10,GM03ilum,
GM03,AL-6,Sótano 1,4,Pendiente,,R4/Schedule4,HorR4,yes,yes,in10,GM03ilum,
GM03,AL-6,Sótano 1,5,Pendiente,,R5/Schedule5,HorR5,yes,yes,in10,GM03ilum,
GM03,AL-6,Sótano 1,6,Pendiente,,R6/Schedule6,HorR6,yes,yes,in10,GM03ilum,
GM03,AL-6,Sótano 1,17,Pendiente,,R17/Schedule17,HorR17,yes,yes,in10,GM03ilum,
GM04,AL6-1,Sótano 1,1,Sótano 1 oficinas-taller,,R1/Schedule1,HorR1,yes,yes,in10,GM04ilum,
GM04,AL6-2,Sótano 1,2,Sótano 1 A01-A09,,R2/Schedule2,HorR2,yes,yes,in10,GM04ilum,
GM04,AL6-3,Sótano 1,3,"S1 A16-A19, Taller, PCI",,R3/Schedule3,HorR3,yes,yes,in10,GM04ilum,
GM04,AL6-4,Sótano 1,4,"S1: A15-A16, B12-16, A20, C20, PCI",,R4/Schedule4,HorR4,yes,yes,in10,GM04ilum,
GM04,AL6-5,Sótano 1,5,"S1: B10-B16, C16, Motos, F15",,R5/Schedule5,HorR5,yes,yes,in10,GM04ilum,
GM04,AL6-6,Sótano 1,6,"S1: A18-A19, J18-F18",,R6/Schedule6,HorR6,yes,yes,in10,GM04ilum,
GM04,AL6-7,Sótano 1,7,E: Escalera de colores,,R7/Schedule7,HorR7,yes,yes,in10,GM04ilum,
GM04,AL6-8,Sótano 1,8,Iluminación Sótano 1,,R8/Schedule8,HorR8,yes,yes,in10,GM04ilum,
GM04,AL6-9,Sótano 1,9,Pendiente,,R9/Schedule9,HorR9,yes,yes,in10,GM04ilum,
GM04,AL6-10,Sótano 1,10,Pendiente,,R10/Schedule10,HorR10,yes,yes,in10,GM04ilum,
GM04,AL6-11,Sótano 1,11,Pendiente,,R11/Schedule11,HorR11,yes,yes,in10,GM04ilum,
GM04,AL6-12,Sótano 1,12,Pendiente,,R12/Schedule12,HorR12,yes,yes,in10,GM04ilum,
GM04,AL6-13,Sótano 1,13,Pendiente,,R13/Schedule13,HorR13,yes,yes,in10,GM04ilum,
GM04,AL6-14,Sótano 1,14,Libre,,R14/Schedule14,HorR14,yes,yes,in10,GM04ilum,
GM04,AL6-15,Sótano 1,15,Libre,,R15/Schedule15,HorR15,yes,yes,in10,GM04ilum,
GM04,AL6-16,Sótano 1,16,Libre,,R16/Schedule16,HorR16,yes,yes,in10,GM04ilum,
GM04,AL6-17,Sótano 1,17,Libre,,R17/Schedule17,HorR17,yes,yes,in10,GM04ilum,
GM04,AL6-18,Sótano 1,18,Libre,,R18/Schedule18,HorR18,yes,yes,in10,GM04ilum,
GM04,AL6-19,Sótano 1,19,Libre,,R19/Schedule19,HorR19,yes,yes,in10,GM04ilum,
GM04,AL6-20,Sótano 1,20,Libre,,R20/Schedule20,HorR20,yes,yes,in10,GM04ilum,
GM05,Pendiente,Sótano 2,1,Pendiente,,R1/Schedule1,HorR1,yes,yes,in10,GM05ilum,
GM05,AL1-2,Sótano 2,2,,,R2/Schedule2,HorR2,yes,yes,in10,GM05ilum,
GM05,AL1-3,Sótano 2,3,,,R3/Schedule3,HorR3,yes,yes,in10,GM05ilum,
GM05,AL1-4,Sótano 2,4,,,R4/Schedule4,HorR4,yes,yes,in10,GM05ilum,
GM05,circuito,Sótano 2,5,etiqueta,,R5/Schedule5,HorR5,yes,yes,in10,GM05ilum,
GM05,circuito,Sótano 2,6,etiqueta,,R6/Schedule6,HorR6,yes,yes,in10,GM05ilum,
GM05,AL1-7,Sótano 2,7,,,R7/Schedule7,HorR7,yes,yes,in10,GM05ilum,
GM05,AL1-,Sótano 2,8,,,R8/Schedule8,HorR8,yes,yes,in10,GM05ilum,
GM05,AL1-,Sótano 2,9,,,R9/Schedule9,HorR9,yes,yes,in10,GM05ilum,
GM05,AL1-,Sótano 2,10,,,R10/Schedule10,HorR10,yes,yes,in10,GM05ilum,
GM05,AL1-,Sótano 2,11,,,R11/Schedule11,HorR11,yes,yes,in10,GM05ilum,
GM05,AL1-,Sótano 2,12,,,R12/Schedule12,HorR12,yes,yes,in10,GM05ilum,
GM05,AL1-,Sótano 2,13,,,R13/Schedule13,HorR13,yes,yes,in10,GM05ilum,
GM05,AL1-,Sótano 2,14,,,R14/Schedule14,HorR14,yes,yes,in10,GM05ilum,
GM05,AL1-,Sótano 2,15,,,R15/Schedule15,HorR15,yes,yes,in10,GM05ilum,
GM06,AL6-1,Sótano 1,1,S1: N18-N30 P18-P30,,R1/Schedule1,HorR1,yes,yes,in10,GM06ilum,
GM06,AL6-2,Sótano 1,2,S1: Q26-Q28,,R2/Schedule2,HorR2,yes,yes,in10,GM06ilum,
GM06,AL6-3,Sótano 1,3,S1: K15-K18 y Q22-Q28,,R3/Schedule3,HorR3,yes,yes,in10,GM06ilum,
GM06,AL6-4,Sótano 1,4,S1: L18-J18,,R4/Schedule4,HorR4,yes,yes,in10,GM06ilum,
GM06,AL6-5,Sótano 1,5,S1: J32-M32,,R5/Schedule5,HorR5,yes,yes,in10,GM06ilum,
GM06,AL6-6,Sótano 1,6,S1: J25-J30. Pas. forever. Escaleras,,R6/Schedule6,HorR6,yes,yes,in10,GM06ilum,
GM06,AL6-7,Sótano 1,7,S1: M14-N31,,R7/Schedule7,HorR7,yes,yes,in10,GM06ilum,
GM06,AL6-8,Sótano 1,8,S1: K15-K18,,R8/Schedule8,HorR8,yes,yes,in10,GM06ilum,
GM06,AL6-9,Sótano 1,9,Pendiente,,R9/Schedule9,HorR9,yes,yes,in10,GM06ilum,
GM06,AL6-10,Sótano 1,10,Pendiente,,R10/Schedule10,HorR10,yes,yes,in10,GM06ilum,
GM06,AL6-11,Sótano 1,11,"S1: L16-L32, N19-N32",,R11/Schedule11,HorR11,yes,yes,in10,GM06ilum,
GM06,AL6-12,Sótano 1,12,TABLEROS FOREVER,,R12/Schedule12,HorR12,yes,yes,in10,GM06ilum,
GM06,AL6-13,Sótano 1,13,S1: Q11-Q30,,R13/Schedule13,HorR13,yes,yes,in10,GM06ilum,
GM06,AL6-14,Sótano 1,14,Libre,,R14/Schedule14,HorR14,yes,yes,in10,GM06ilum,
GM06,AL6-15,Sótano 1,15,Libre,,R15/Schedule15,HorR15,yes,yes,in10,GM06ilum,
GM06,AL6-16,Sótano 1,16,Libre,,R16/Schedule16,HorR16,yes,yes,in10,GM06ilum,
GM06,AL6-17,Sótano 1,17,Libre,,R17/Schedule17,HorR17,yes,yes,in10,GM06ilum,
GM06,AL6-18,Sótano 1,18,Libre,,R18/Schedule18,HorR18,yes,yes,in10,GM06ilum,
GM06,AL6-19,Sótano 1,19,Libre,,R19/Schedule19,HorR19,yes,yes,in10,GM06ilum,
GM06,AL6-20,Sótano 1,20,Libre,,R20/Schedule20,HorR20,yes,yes,in10,GM06ilum,
GM07,AL7,Planta Baja,1,PASILLO SERV,,R1/Schedule1,HorR1,yes,yes,in10,GM07ilum,
GM07,AL7,Planta Baja,2,E: Jardineras.,,R2/Schedule2,HorR2,yes,yes,in10,GM07ilum,
GM07,AL7,Planta Baja,3,jardin lago,,R3/Schedule3,HorR3,yes,yes,in10,GM07ilum,
GM07,AL7,Planta Baja,4,E: Miniposte lago,,R4/Schedule4,HorR4,yes,yes,in10,GM07ilum,
GM07,AL7,Planta Baja,5,PENDIENTE perimetral fuente,,R5/Schedule5,HorR5,yes,yes,in10,GM07ilum,
GM07,AL7,Planta Baja,6,I:CASCADAS CINEPOLIS,,R6/Schedule6,HorR6,yes,yes,in10,GM07ilum,
GM07,AL7,Planta Baja,7,Jardin lago jumiles,,R7/Schedule7,HorR7,yes,yes,in10,GM07ilum,
GM07,AL7,Planta Baja,8,PENDIENTE: pergola,,R8/Schedule8,HorR8,yes,yes,in10,GM07ilum,
GM07,AL7,Planta Baja,9,"I: Cajillos, plafón, Pérgola",,R9/Schedule9,HorR9,yes,yes,in10,GM07ilum,
GM07,AL7,Planta Baja,10,I: Jardineras centrales,,R10/Schedule10,HorR10,yes,yes,in10,GM07ilum,
GM07,AL7,Planta Baja,11,PENIENTE: jardineras plaza,,R11/Schedule11,HorR11,yes,yes,in10,GM07ilum,
GM07,AL7,Planta Baja,12,I: Cajillo puente sephora,,R12/Schedule12,HorR12,yes,yes,in10,GM07ilum,
GM07,AL7,Planta Baja,13,I: Cajillo puente Miniso,,R13/Schedule13,HorR13,yes,yes,in10,GM07ilum,
GM07,AL7,Planta Baja,14,PENDIENTE: cajillo fuente,,R14/Schedule14,HorR14,yes,yes,in10,GM07ilum,
GM07,AL7,Planta Baja,15,E: Minipostes Via Montejo,,R15/Schedule15,HorR15,yes,yes,in10,GM07ilum,
GM07,AL5,Planta Baja,16,PENDIENTE: cafeteria,,R16/Schedule16,HorR16,yes,yes,in10,GM07ilum,
GM07,AL7,Planta Baja,17,I: Postes centrales,,R17/Schedule17,HorR17,yes,yes,in10,GM07ilum,
GM07,AL7,Planta Baja,18,E: Minipostes-Reflectores,,R18/Schedule18,HorR18,yes,yes,in10,GM07ilum,
GM07,AL7,Planta Baja,19,PENDIENTE: rampa,,R19/Schedule19,HorR19,yes,yes,in10,GM07ilum,
GM07,AL7,Planta Baja,20,PENDIENTE arburante,,R20/Schedule20,HorR20,yes,yes,in10,GM07ilum,
GM07,AL7,Planta Baja,21,PENDIENTE :rampa,,R21/Schedule21,HorR21,yes,yes,in10,GM07ilum,
GM07,AL7,Planta Baja,22,PENDIENTE:escalones lago,,R22/Schedule22,HorR22,yes,yes,in10,GM07ilum,
GM07,AL7,Planta Baja,23,I: Arbotantes,,R23/Schedule23,HorR23,yes,yes,in10,GM07ilum,
GM08,tablero,,1,I: Plafón Maya de Asia,,R1/Schedule1,HorR1,yes,yes,in10,GM08ilum,
GM08,tablero,,2,I: Cajillos Forever21,,R2/Schedule2,HorR2,yes,yes,in10,GM08ilum,
GM08,tablero,,3,I: Cajillos Maya de Asia,,R3/Schedule3,HorR3,yes,yes,in10,GM08ilum,
GM08,tablero,,4,"E: Refl. jardinera, pérgola.",,R4/Schedule4,HorR4,yes,yes,in10,GM08ilum,
GM08,tablero,,5,Pendiente,,R5/Schedule5,HorR5,yes,yes,in10,GM08ilum,
GM08,tablero,,6,E: Miniposte esc. Santa Clara,,R6/Schedule6,HorR6,yes,yes,in10,GM08ilum,
GM08,tablero,,7,Pendiente: cenote escaleras,,R7/Schedule7,HorR7,yes,yes,in10,GM08ilum,
GM08,tablero,,8,E: Miniposte esc. Mr sushi,,R8/Schedule8,HorR8,yes,yes,in10,GM08ilum,
GM08,tablero,,9,I: Bastones,,R9/Schedule9,HorR9,yes,yes,in9,GM08ilum,
GM08,tablero,,10,Pendiente,,R10/Schedule10,HorR10,yes,yes,in10,GM08ilum,
GM08,tablero,,11,I: Arbotantes,,R11/Schedule11,HorR11,yes,yes,in10,GM08ilum,
GM08,tablero,,12,E: Jardineras Maya de Asia,,R12/Schedule12,HorR12,yes,yes,in10,GM08ilum,
GM08,tablero,,13,PASILLO SERVICIO,,R13/Schedule13,HorR13,yes,yes,in10,GM08ilum,
GM08,tablero,,14,I: Baños tazas,,R14/Schedule14,HorR14,yes,yes,in10,GM08ilum,
GM08,tablero,,15,I: Baños lavamanos,,R15/Schedule15,HorR15,yes,yes,in10,GM08ilum,
GM08,tablero,,16,I: Lobby Chapur,,R16/Schedule16,HorR16,yes,yes,in10,GM08ilum,
GM08,tablero,,17,I: Cajillos de puentes centrales,,R17/Schedule17,HorR17,yes,yes,in10,GM08ilum,
GM08,tablero,,18,"I: Plafón puentes, central",,R18/Schedule18,HorR18,yes,yes,in10,GM08ilum,
GM08,tablero,,19,I: Cajillos centrales escen.,,R19/Schedule19,HorR19,yes,yes,in10,GM08ilum,
GM08,tablero,,20,I: Cajillos Satarbucks,,R20/Schedule20,HorR20,yes,yes,in10,GM08ilum,
GM08,tablero,,21,cenote central,,R21/Schedule21,HorR21,yes,yes,in10,GM08ilum,
GM08,tablero,,22,I: Cascadas Navidad,,R22/Schedule22,HorR22,yes,yes,in10,GM08ilum,
GM08,tablero,,23,"I: Reflec. central, pantalla elev SB",,R23/Schedule23,HorR23,yes,yes,in10,GM08ilum,
GM08,tablero,,24,Pendiente,,R24/Schedule24,HorR24,yes,yes,in10,GM08ilum,
GM08,tablero,,25,E: Minipostes lago,,R25/Schedule25,HorR25,yes,yes,in10,GM08ilum,
GM08,tablero,,26,E: Jardineras Lagos,,R26/Schedule26,HorR26,yes,yes,in10,GM08ilum,
GM08,tablero,,27,I: Árbol de navidad,,R27/Schedule27,HorR27,yes,yes,in10,GM08ilum,
GM08,tablero,,28,ubicacion,,R28/Schedule28,HorR28,yes,yes,in10,GM08ilum,
GM08,tablero,,29,I: Jardineras elevadas,,R29/Schedule29,HorR29,yes,yes,in10,GM08ilum,
GM08,tablero,,30,Lobby: Starbucks,,R30/Schedule30,HorR30,yes,yes,in10,GM08ilum,
GM08,tablero,,31,Pendiente: plafon cenote B,,R31/Schedule31,HorR31,yes,yes,in10,GM08ilum,
GM08,tablero,,32,Pendiente: plafon cenote D,,R32/Schedule32,HorR32,yes,yes,in10,GM08ilum,
GM09,tab,Planta Baja,1,etiqueta ubicacion,,R1/Schedule1,HorR1,yes,yes,in10,GM09ilum,
GM09,tab,Planta Baja,2,iluminacion track,,R2/Schedule2,HorR2,yes,yes,in10,GM09ilum,
GM09,tab,Planta Baja,3,etiqueta ubicacion,,R3/Schedule3,HorR3,yes,yes,in10,GM09ilum,
GM09,tab,Planta Baja,4,fachada pb,,R4/Schedule4,HorR4,yes,yes,in10,GM09ilum,
GM09,tab,Planta Baja,5,baños hombres,,R5/Schedule5,HorR5,yes,yes,in10,GM09ilum,
GM09,tab,Planta Baja,6,jardinera fachada,,R6/Schedule6,HorR6,yes,yes,in10,GM09ilum,
GM09,tab,Planta Baja,7,fachadas,,R7/Schedule7,HorR7,yes,yes,in10,GM09ilum,
GM09,tab,Planta Baja,8,baño mujeres,,R8/Schedule8,HorR8,yes,yes,in10,GM09ilum,
GM09,tab,Planta Baja,9,-,,R9/Schedule9,HorR9,yes,yes,in10,GM09ilum,
GM09,tab,Planta Baja,10,-,,R10/Schedule10,HorR10,yes,yes,in10,GM09ilum,
GM09,tab,Planta Baja,11,Disponible,,R11/Schedule11,HorR11,yes,yes,in10,GM09ilum,
GM09,-,Planta Baja,12,Sin Relevador,,R12/Schedule12,HorR12,yes,yes,in10,GM09ilum,
GM09,-,Planta Baja,13,Sin Relevador,,R13/Schedule13,HorR13,yes,yes,in10,GM09ilum,
GM09,-,Planta Baja,14,Sin Relevador,,R14/Schedule14,HorR14,yes,yes,in10,GM09ilum,
GM09,-,Planta Baja,15,Disponible,,R15/Schedule15,HorR15,yes,yes,in10,GM09ilum,
GM09,-,Planta Baja,16,Sin Relevador,,R16/Schedule16,HorR16,yes,yes,in10,GM09ilum,
GM10,TAB AL-9,Planta Baja,1,PASILLO SERV: Andén,,R1/Schedule1,HorR1,yes,yes,in10,GM10ilum,
GM10,TAB AL-9,Planta Baja,2,PENDIENTE: psillo pb miniso,,R2/Schedule2,HorR2,yes,yes,in10,GM10ilum,
GM10,TAB AL-9,Planta Baja,3,PASILLO SERV: Chapur,,R3/Schedule3,HorR3,yes,yes,in10,GM10ilum,
GM10,TAB AL-9,Planta Baja,4,PENDIENTE: Pasillo pb chapur,,R4/Schedule4,HorR4,yes,yes,in10,GM10ilum,
GM10,TAB AL-9,Planta Baja,5,I: Cajillo triangular Chapur,,R5/Schedule5,HorR5,yes,yes,in10,GM10ilum,
GM10,TAB AL-9,Planta Baja,6,I: Cajillo elevador,,R6/Schedule6,HorR6,yes,yes,in10,GM10ilum,
GM10,TAB AL-9,Planta Baja,7,E: Andén periférico,,R7/Schedule7,HorR7,yes,yes,in10,GM10ilum,
GM10,TAB AL-9,Planta Baja,8,E: Andén periférico,,R8/Schedule8,HorR8,yes,yes,in10,GM10ilum,
GM10,TAB AL-9,Planta Baja,9,E: Postes altos y glorieta,,R9/Schedule9,HorR9,yes,yes,in10,GM10ilum,
GM10,TAB AL-9,Planta Baja,10,I: Consierge - Taiyaki,,R10/Schedule10,HorR10,yes,yes,in10,GM10ilum,
GM10,TAB AL-9,Planta Baja,11,I: Cajillo triangular Pulpo,,R11/Schedule11,HorR11,yes,yes,in10,GM10ilum,
GM10,TAB AL-9,Planta Baja,12,I: Cajillos triangular Chapur,,R12/Schedule12,HorR12,yes,yes,in10,GM10ilum,
GM10,TAB AL-9,Planta Baja,13,I: Cajillo entrada chapur,,R13/Schedule13,HorR13,yes,yes,in10,GM10ilum,
GM10,TAB AL-9,Planta Baja,14,E: Rampa doble-letrero,,R14/Schedule14,HorR14,yes,yes,in10,GM10ilum,
GM10,TAB AL-9,Planta Baja,15,E: Minipostes calle (esquina),,R15/Schedule15,HorR15,yes,yes,in10,GM10ilum,
GM10,TAB AL-9,Planta Baja,16,jardinera colgante,,R16/Schedule16,HorR16,yes,yes,in10,GM10ilum,
GM10,TAB AL-9,Planta Baja,17,E: Minipostes calle (acceso),,R17/Schedule17,HorR17,yes,yes,in10,GM10ilum,
GM10,TAB AL-9,Planta Baja,18,E: Plafón pasillo exterior,,R18/Schedule18,HorR18,yes,yes,in10,GM10ilum,
GM10,TAB AL-9,Planta Baja,19,-,,R19/Schedule19,HorR19,yes,yes,in10,GM10ilum,
GM10,TAB AL-9,Planta Baja,20,E: Rampa periférico,,R20/Schedule20,HorR20,yes,yes,in10,GM10ilum,
GM10,TAB AL-9,Planta Baja,21,I: Arbot-Jard. elev-bastones,,R21/Schedule21,HorR21,yes,yes,in10,GM10ilum,
GM10,TAB AL-9,Planta Baja,22,Pendiente: cajillo,,R22/Schedule22,HorR22,yes,yes,in10,GM10ilum,
GM10,TAB AL-9,Planta Baja,23,I: Baños cinépolis,,R23/Schedule23,HorR23,yes,yes,in10,GM10ilum,
GM10,TAB AL-9,Planta Baja,24,I: Plafón elevador cine,,R24/Schedule24,HorR24,yes,yes,in10,GM10ilum,
GM10,TAB AL-9,Planta Baja,25,I: Plafón casa lomas,,R25/Schedule25,HorR25,yes,yes,in10,GM10ilum,
GM10,TAB AL-9,Planta Baja,26,I: Plafón elevador,,R26/Schedule26,HorR26,yes,yes,in10,GM10ilum,
GM10,TAB AL-9,Planta Baja,27,E: Pérgola,,R27/Schedule27,HorR27,yes,yes,in10,GM10ilum,
GM10,TAB AL-9,Planta Baja,28,I: Plafón Camasha,,R28/Schedule28,HorR28,yes,yes,in10,GM10ilum,
GM10,TAB AL-9,Planta Baja,29,I: Cajillo Camasha,,R29/Schedule29,HorR29,yes,yes,in10,GM10ilum,
GM10,TAB AL-9,Planta Baja,30,I: Orbita escaleras cinepolis,,R30/Schedule30,HorR30,yes,yes,in10,GM10ilum,
GM10,TAB AL-9,Planta Baja,31,I: Pantalla elevador cine,,R31/Schedule31,HorR31,yes,yes,in10,GM10ilum,
GM10,TAB AL-9,Planta Baja,32,PASILLO SERV: Chapur,,R32/Schedule32,HorR32,yes,yes,in10,GM10ilum,
GM11,AL-10 C0,Planta Baja,1,PASILLO SERV: HSBC-PETCO,,R1/Schedule1,HorR1,yes,yes,in10,GM011ilum,
GM11,AL-10 C1,Planta Baja,2,PASILLO SERV: HSBC-PETCO,,R2/Schedule2,HorR2,yes,yes,in10,GM011ilum,
GM11,AL-10 C2,Planta Baja,3,E: Fachada HSBC,,R3/Schedule3,HorR3,yes,yes,in10,GM011ilum,
GM11,AL-10 C-0,Planta Baja,4,E: Fachada HSBC,,R4/Schedule4,HorR4,yes,yes,in10,GM011ilum,
GM11,AL-10 C-0,Planta Baja,5,PASILLO SERV: HSBC,,R5/Schedule5,HorR5,yes,yes,in10,GM011ilum,
GM11,AL-10 C-0,Planta Baja,6,PASILLO SERV: HSBC,,R6/Schedule6,HorR6,yes,yes,in10,GM011ilum,
GM11,AL-10 C-0,Planta Baja,7,PASILLO DE SERV: ANDEN 60,,R7/Schedule7,HorR7,yes,yes,in10,GM011ilum,
GM11,AL-10 C-0,Planta Baja,8,PASILLO DE SERV: PETCO,,R8/Schedule8,HorR8,yes,yes,in10,GM011ilum,
GM11,AL-10 C-0,Planta Baja,9,PASILLO SERV: B106,,R9/Schedule9,HorR9,yes,yes,in10,GM011ilum,
GM11,AL-10 C-0,Planta Baja,10,PASILLO SERV: ANDÉN 60,,R10/Schedule10,HorR10,yes,yes,in10,GM011ilum,
GM11,AL-10 C-0,Planta Baja,11,LIBRE,,R11/Schedule11,HorR11,yes,yes,in10,GM011ilum,
GM11,AL-10 C-0,Planta Baja,12,E: Pérgola 60,,R12/Schedule12,HorR12,yes,yes,in10,GM011ilum,
GM11,AL-10 C-0,Planta Baja,13,pENDIENTE: pasillo de serv,,R13/Schedule13,HorR13,yes,yes,in10,GM011ilum,
GM11,AL-10 C-0,Planta Baja,14,E: Jardinera rampa salida VM,,R14/Schedule14,HorR14,yes,yes,in10,GM011ilum,
GM11,AL-10 C-0,Planta Baja,15,rampa fachada,,R15/Schedule15,HorR15,yes,yes,in10,GM011ilum,
GM11,AL-10 C-0,Planta Baja,16,-,,R16/Schedule16,HorR16,yes,yes,in10,GM011ilum,
GM11,AL-10 C-0,Planta Baja,17,"E: Rampa 60 y ""The Harbor""",,R17/Schedule17,HorR17,yes,yes,in10,GM011ilum,
GM11,AL-10 C-0,Planta Baja,18,E: Escaleras 60-rampa disc.,,R18/Schedule18,HorR18,yes,yes,in10,GM011ilum,
GM11,AL-10 C-0,Planta Baja,19,Lobby: Forever,,R19/Schedule19,HorR19,yes,yes,in10,GM011ilum,
GM11,AL-10 C-0,Planta Baja,20,I: Postes-Jard. eleva y centrales,,R20/Schedule20,HorR20,yes,yes,in10,GM011ilum,
GM11,AL-10 C-0,Planta Baja,21,I: Cajillos puent.-Arbotantes,,R21/Schedule21,HorR21,yes,yes,in10,GM011ilum,
GM11,AL-10 C-0,Planta Baja,22,Pendiente: jardineras,,R22/Schedule22,HorR22,yes,yes,in10,GM011ilum,
GM11,AL-10 C-0,Planta Baja,23,Pendiente: bastones,,R23/Schedule23,HorR23,yes,yes,in10,GM011ilum,
GM11,AL-10 C-0,Planta Baja,24,Pendiente: fachada,,R24/Schedule24,HorR24,yes,yes,in10,GM011ilum,
GM11,AL-10 C-0,Planta Baja,25,Pendiente: fachada,,R25/Schedule25,HorR25,yes,yes,in10,GM011ilum,
GM11,AL-10 C-0,Planta Baja,26,"I: Plaf, cajillos y bast HSBC",,R26/Schedule26,HorR26,yes,yes,in10,GM011ilum,
GM12,AL 11-,Nivel 1,1,Pendiente: balastros pasillo,,R1/Schedule1,HorR1,yes,yes,in10,GM12ilum,
GM12,AL 11-,Nivel 1,2,PASILLO SERV (2),,R2/Schedule2,HorR2,yes,yes,in10,GM12ilum,
GM12,AL 11-,Nivel 1,3,I: IDF 14,,R3/Schedule3,HorR3,yes,yes,in10,GM12ilum,
GM12,AL 11-,Nivel 1,4,I: Tortugas puentes,,R4/Schedule4,HorR4,yes,yes,in10,GM12ilum,
GM12,AL 11-,Nivel 1,5,PASILLO SERV (1),,R5/Schedule5,HorR5,yes,yes,in10,GM12ilum,
GM12,AL 11-,Nivel 1,6,Pendiente: jardinera lago,,R6/Schedule6,HorR6,yes,yes,in10,GM12ilum,
GM12,AL 11-,Nivel 1,7,Pendiente: f local c220,,R7/Schedule7,HorR7,yes,yes,in10,GM12ilum,
GM12,AL 11-,Nivel 1,8,I: Arbotantes,,R8/Schedule8,HorR8,yes,yes,in10,GM12ilum,
GM12,AL 11-,Nivel 1,9,E: Arbotantes C 220,,R9/Schedule9,HorR9,yes,yes,in10,GM12ilum,
GM12,AL 11-,Nivel 1,10,I: Bastones,,R10/Schedule10,HorR10,yes,yes,in10,GM12ilum,
GM12,AL 11-,Nivel 1,11,Pendiente: alumbrado N1,,R11/Schedule11,HorR11,yes,yes,in10,GM12ilum,
GM12,AL 11-,Nivel 1,12,Pendiente: contacto,,R12/Schedule12,HorR12,yes,yes,in10,GM12ilum,
GM13,AL,,1,PAS SERVICIO,,R1/Schedule1,HorR1,yes,yes,in10,GM13ilum,
GM13,Al,,2,PAS SERVICIO,,R2/Schedule2,HorR2,yes,yes,in10,GM13ilum,
GM13,tab-cto,,3,PENDIENTE,,R3/Schedule3,HorR3,yes,yes,in10,GM13ilum,
GM13,tab-cto,,4,PENDIENTE,,R4/Schedule4,HorR4,yes,yes,in10,GM13ilum,
GM13,tab-cto,,5,PENDIENTE,,R5/Schedule5,HorR5,yes,yes,in10,GM13ilum,
GM13,tab-cto,,6,PENDIENTE,,R6/Schedule6,HorR6,yes,yes,in10,GM13ilum,
GM13,tab-cto,,7,PENDIENTE,,R7/Schedule7,HorR7,yes,yes,in10,GM13ilum,
GM13,Al,,8,E: Terraza habur y entrada,,R8/Schedule8,HorR8,yes,yes,in10,GM13ilum,
GM13,tab-cto,,9,PENDIENTE,,R9/Schedule9,HorR9,yes,yes,in10,GM13ilum,
GM13,tab-cto,,10,PENDIENTE,,R10/Schedule10,HorR10,yes,yes,in10,GM13ilum,
GM13,tab-cto,,11,PENDIENTE,,R11/Schedule11,HorR11,yes,yes,in10,GM13ilum,
GM13,Al,,12,I: Fachada elev. y plafón N1,,R12/Schedule12,HorR12,yes,yes,in10,GM13ilum,
GM13,tab-cto,,13,PENDIENTE,,R13/Schedule13,HorR13,yes,yes,in10,GM13ilum,
GM13,tab-cto,,14,PENDIENTE,,R14/Schedule14,HorR14,yes,yes,in10,GM13ilum,
GM13,tab-cto,,15,PENDIENTE,,R15/Schedule15,HorR15,yes,yes,in10,GM13ilum,
GM13,tab-cto,,16,PENDIENTE,,R16/Schedule16,HorR16,yes,yes,in10,GM13ilum,
GM13,tab-cto,,17,I: N2 Plafón,,R17/Schedule17,HorR17,yes,yes,in10,GM13ilum,
GM13,Al,,18,I: Fachadas,,R18/Schedule18,HorR18,yes,yes,in10,GM13ilum,
GM13,AL,,19,I: N2- Dicroicos,,R19/Schedule19,HorR19,yes,yes,in10,GM13ilum,
GM13,Al,,20,I: N2- Fachada elevador,,R20/Schedule20,HorR20,yes,yes,in10,GM13ilum,
GM13,tab-cto,,21,PENDIENTE,,R21/Schedule21,HorR21,yes,yes,in10,GM13ilum,
GM13,tab-cto,,22,label,,R22/Schedule22,HorR22,yes,yes,in10,GM13ilum,
GM13,tab-cto,,23,label,,R23/Schedule23,HorR23,yes,yes,in10,GM13ilum,
GM13,AL,,24,E: N1- Terraza doble altura,,R24/Schedule24,HorR24,yes,yes,in10,GM13ilum,
GM13,tab-cto,,25,label,,R25/Schedule25,HorR25,yes,yes,in10,GM13ilum,
GM13,tab-cto,,26,label,,R26/Schedule26,HorR26,yes,yes,in10,GM13ilum,
GM13,tab-cto,,27,label,,R27/Schedule27,HorR27,yes,yes,in10,GM13ilum,
GM13,Al,,28,E: Terraza Hijos tostada,,R28/Schedule28,HorR28,yes,yes,in10,GM13ilum,
GM13,Al,,29,I: Puentes tortugas,,R29/Schedule29,HorR29,yes,yes,in10,GM13ilum,
GM13,al,,30,E: Fachada mr sushi,,R30/Schedule30,HorR30,yes,yes,in10,GM13ilum,
GM14,AL13-C,Nivel 1,1,pENDIENTE: plafon elevador,,R1/Schedule1,HorR1,yes,yes,in10,GM14ilum,
GM14,AL13-C,Nivel 1,2,fuera de servicio,,R2/Schedule2,HorR2,yes,yes,in10,GM14ilum,
GM14,AL13-C,Nivel 1,3,fuera de servicio,,R3/Schedule3,HorR3,yes,yes,in10,GM14ilum,
GM14,AL13-C,Nivel 1,4,fuera de servicio,,R4/Schedule4,HorR4,yes,yes,in10,GM14ilum,
GM14,AL13-C,Nivel 1,5,fuera de servicio,,R5/Schedule5,HorR5,yes,yes,in10,GM14ilum,
GM14,AL13-C,Nivel 1,6,fuera de servicio,,R6/Schedule6,HorR6,yes,yes,in10,GM14ilum,
GM14,AL13-C,Nivel 1,7,"""THE HARBOR""",,R7/Schedule7,HorR7,yes,yes,in10,GM14ilum,
GM14,AL13-C,Nivel 1,8,"E: Letrero ""THE HARBOR""",,R8/Schedule8,HorR8,yes,yes,in10,GM14ilum,
GM14,AL13-C,Nivel 1,9,I: Baño hombres,,R9/Schedule9,HorR9,yes,yes,in10,GM14ilum,
GM14,AL13-C,Nivel 1,10,PASILLO DE SERV: Chapur,,R10/Schedule10,HorR10,yes,yes,in10,GM14ilum,
GM14,AL13-C,Nivel 1,11,PASILLO SERV: Cine,,R11/Schedule11,HorR11,yes,yes,in10,GM14ilum,
GM14,AL13-C,Nivel 1,12,PASILLO SERV: Montacargas,,R12/Schedule12,HorR12,yes,yes,in10,GM14ilum,
GM14,AL13-C,Nivel 1,13,I: Bastones y arbotantes,,R13/Schedule13,HorR13,yes,yes,in10,GM14ilum,
GM14,AL13-C,Nivel 1,14,Pendiente: fachada track,,R14/Schedule14,HorR14,yes,yes,in10,GM14ilum,
GM14,AL13-C,Nivel 1,15,Pendiente,,R15/Schedule15,HorR15,yes,yes,in10,GM14ilum,
GM14,AL13-C,Nivel 1,16,sin relevador,,R16/Schedule16,HorR16,yes,yes,in10,GM14ilum,
GM14,AL13-C,Nivel 1,17,I: Lobby cine y pantalla elev.,,R17/Schedule17,HorR17,yes,yes,in10,GM14ilum,
GM14,AL13-C,Nivel 1,18,I: Plafón elevador cine,,R18/Schedule18,HorR18,yes,yes,in10,GM14ilum,
GM14,AL13-C,Nivel 1,19,fuera de servicio,,R19/Schedule19,HorR19,yes,yes,in10,GM14ilum,
GM14,AL13-C,Nivel 1,20,fuera de servicio,,R20/Schedule20,HorR20,yes,yes,in10,GM14ilum,
GM14,AL13-C,Nivel 1,21,fuera de servicio,,R21/Schedule21,HorR21,yes,yes,in10,GM14ilum,
GM14,AL13-C,Nivel 1,22,fuera de servicio,,R22/Schedule22,HorR22,yes,yes,in10,GM14ilum,
GM14,AL13-C,Nivel 1,23,disponible,,R23/Schedule23,HorR23,yes,yes,in10,GM14ilum,
GM14,AL13-C,Nivel 1,24,I: Baño mujeres,,R24/Schedule24,HorR24,yes,yes,in10,GM14ilum,
GM14,AL13-C,Nivel 1,25,PASILLO SERV: Chapur,,R25/Schedule25,HorR25,yes,yes,in10,GM14ilum,
GM14,AL13-C,Nivel 1,26,PASILLO SERV: Cine,,R26/Schedule26,HorR26,yes,yes,in10,GM14ilum,
GM14,AL13-C,Nivel 1,27,I: IDF 15 y 13,,R27/Schedule27,HorR27,yes,yes,in10,GM14ilum,
GM14,AL13-C,Nivel 1,28,PASILLO SERV: Rest Chapur,,R28/Schedule28,HorR28,yes,yes,in10,GM14ilum,
GM14,AL13-C,Nivel 1,29,PASILLO SERV: Montacargas,,R29/Schedule29,HorR29,yes,yes,in10,GM14ilum,
GM14,AL13-C,Nivel 1,30,I: Fachada elevador,,R30/Schedule30,HorR30,yes,yes,in10,GM14ilum,
GM14,AL13-C,Nivel 1,31,-,,R31/Schedule31,HorR31,yes,yes,in10,GM14ilum,
GM14,AL13-C,Nivel 1,32,-,,R32/Schedule32,HorR32,yes,yes,in10,GM14ilum,
GM15,AL14-C,Nivel 1,1,PASILLO SERVICIO,,R1/Schedule1,HorR1,yes,yes,in10,GM015ilum,
GM15,AL14-C,Nivel 1,2,PASILLO SERVICIO,,R2/Schedule2,HorR2,yes,yes,in10,GM015ilum,
GM15,AL14-C,Nivel 1,3,I: Bastones y arbotantes,,R3/Schedule3,HorR3,yes,yes,in10,GM015ilum,
GM15,AL14-C,Nivel 1,4,I: Plafón espejo de agua,,R4/Schedule4,HorR4,yes,yes,in10,GM015ilum,
GM15,AL14-C,Nivel 1,5,I: Plafones Chapur,,R5/Schedule5,HorR5,yes,yes,in10,GM015ilum,
GM15,AL14-C,Nivel 1,6,I: Cajillo Consierge,,R6/Schedule6,HorR6,yes,yes,in10,GM015ilum,
GM15,AL14-C,Nivel 1,7,I: Cajillo SRE,,R7/Schedule7,HorR7,yes,yes,in10,GM015ilum,
GM15,AL14-C,Nivel 1,8,I: Cajillo Chapur,,R8/Schedule8,HorR8,yes,yes,in10,GM015ilum,
GM15,AL14-C,Nivel 1,9,PENDIENTE,,R9/Schedule9,HorR9,yes,yes,in10,GM015ilum,
GM15,AL14-C,Nivel 1,10,E: Nicho azotea y pantallas (60),,R10/Schedule10,HorR10,yes,yes,in10,GM015ilum,
GM15,AL14-C,Nivel 1,11,E: Nicho azotea y pantallas,,R11/Schedule11,HorR11,yes,yes,in10,GM015ilum,
GM15,AL14-C,Nivel 1,12,PENDIENTE Pantalla fachada,,R12/Schedule12,HorR12,yes,yes,in10,GM015ilum,
GM15,AL14-C,Nivel 1,13,PENDEINTE Pantalla fachada,,R13/Schedule13,HorR13,yes,yes,in10,GM015ilum,
GM15,AL14-C,Nivel 1,14,I: Cajillos Chapur,,R14/Schedule14,HorR14,yes,yes,in10,GM015ilum,
GM15,AL14-C,Nivel 1,15,E: Árboles PB perifércio,,R15/Schedule15,HorR15,yes,yes,in10,GM015ilum,
GM15,AL14-C,Nivel 1,16,PENDIENTE: Pantalla fachada,,R16/Schedule16,HorR16,yes,yes,in10,GM015ilum,
GM15,AL14-C,Nivel 1,17,I: Pantalla elevador,,R17/Schedule17,HorR17,yes,yes,in10,GM015ilum,
GM15,AL14-C,Nivel 1,18,I: Baño Cab. Forever,,R18/Schedule18,HorR18,yes,yes,in10,GM015ilum,
GM15,AL14-C,Nivel 1,19,I: Baño Damas Forever,,R19/Schedule19,HorR19,yes,yes,in10,GM015ilum,
GM15,AL14-C,Nivel 1,20,I: Cajillo rest. Chapur,,R20/Schedule20,HorR20,yes,yes,in10,GM015ilum,
GM15,AL14-C,Nivel 1,21,PASILLO DE SERVICIO,,R21/Schedule21,HorR21,yes,yes,in10,GM015ilum,
GM15,AL14-C,Nivel 1,22,PASILLO DE SERV. Y BAÑOS,,R22/Schedule22,HorR22,yes,yes,in10,GM015ilum,
GM15,AL14-C,Nivel 1,23,PASILLO DE SERVICIO,,R23/Schedule23,HorR23,yes,yes,in10,GM015ilum,
GM15,AL14-C,Nivel 1,24,I: Plafones Chapur,,R24/Schedule24,HorR24,yes,yes,in10,GM015ilum,
GM15,AL14-C,Nivel 1,25,I: Cajillo SRE,,R25/Schedule25,HorR25,yes,yes,in10,GM015ilum,
GM15,AL14-C,Nivel 1,26,I: Cajillo Chapur,,R26/Schedule26,HorR26,yes,yes,in10,GM015ilum,
GM15,AL14-C,Nivel 1,27,I: Cajillo triangular,,R27/Schedule27,HorR27,yes,yes,in10,GM015ilum,
GM15,AL14-C,Nivel 1,28,I: Cajillo rect. Chapur,,R28/Schedule28,HorR28,yes,yes,in10,GM015ilum,
GM15,AL14-C,Nivel 1,29,Pendiente: Cajillo triang.,,R29/Schedule29,HorR29,yes,yes,in10,GM015ilum,
GM15,AL14-C,Nivel 1,30,Pendiente: baño,,R30/Schedule30,HorR30,yes,yes,in10,GM015ilum,
GM15,AL14-C,Nivel 1,31,I: Cajillo triang. Chapur.,,R31/Schedule31,HorR31,yes,yes,in10,GM015ilum,
GM15,AL14-C,Nivel 1,32,fuera de servicio,,R32/Schedule32,HorR32,yes,yes,in10,GM015ilum,
GM16,AL- CAB,Nivel 2 / DOMOS,1,DOMO JUEGO INFANTIL,,R1/Schedule1,HorR1,yes,yes,in10,GM16ilum,
GM16,AL16-C,Nivel 2 / DOMOS,2,DOMO  JUEGO INFANTIL,,R2/Schedule2,HorR2,yes,yes,in10,GM16ilum,
GM16,AL16-C,Nivel 2 / DOMOS,3,TRACK COMERCIAL 220,,R3/Schedule3,HorR3,yes,yes,in10,GM16ilum,
GM16,AL16-C,Nivel 2 / DOMOS,4,DOMO CINEPOLIS,,R4/Schedule4,HorR4,yes,yes,in10,GM16ilum,
GM16,AL16-C,Nivel 2 / DOMOS,5,TRACK COMERCIAL 220,,R5/Schedule5,HorR5,yes,yes,in10,GM16ilum,
GM16,AL16-C,Nivel 2 / DOMOS,6,DOMO INNOVA,,R6/Schedule6,HorR6,yes,yes,in10,GM16ilum,
GM16,AL16-C,Nivel 2 / DOMOS,7,DOMO FOREVER,,R7/Schedule7,HorR7,yes,yes,in10,GM16ilum,
GM16,AL16-C,Nivel 2 / DOMOS,8,,,R8/Schedule8,HorR8,yes,yes,in10,GM16ilum,
GM16,AL16-C,Nivel 2 / DOMOS,9,,,R9/Schedule9,HorR9,yes,yes,in10,GM16ilum,
GM16,AL16-C,Nivel 2 / DOMOS,10,,,R10/Schedule10,HorR10,yes,yes,in10,GM16ilum,
GM16,AL16-C,Nivel 2 / DOMOS,11,,,R11/Schedule11,HorR11,yes,yes,in10,GM16ilum,
GM16,AL16-C,Nivel 2 / DOMOS,12,,,R12/Schedule12,HorR12,yes,yes,in10,GM16ilum,
GM16,AL16-C,Nivel 2 / DOMOS,13,,,R13/Schedule13,HorR13,yes,yes,in10,GM16ilum,
